{"cameraMode":{"drawMode":0,"name":"Shaded","section":"Shading Mode"},"sceneLighting":true,"audioPlay":false,"sceneViewState":{"m_AlwaysRefresh":false,"showFog":true,"showSkybox":true,"showFlares":true,"showImageEffects":true,"showParticleSystems":true,"showVisualEffectGraphs":true,"m_FxEnabled":true},"in2DMode":false,"pivot":{"x":13.740427017211914,"y":10.688251495361329,"z":0.06451734900474549},"rotation":{"x":0.14347657561302186,"y":-0.019297318533062936,"z":0.0027992124669253828,"w":0.9894689321517944},"size":6.880268096923828,"orthographic":true}